timestamp,title,text,score,num_comments,url
2025-02-11 13:26:38,"[AMA] Giveaway with Portal to Bitcoin: Making bridges, wrapped coins, and external custody obsolete - Feb 12","Hey r/cryptocurrency!

We‚Äôre Portal to Bitcoin, the first fully custodyless, cross-chain infrastructure built for Bitcoin. Using our BitScaler architecture, we enable native-to-native asset transfers across blockchains without the security risks of bridges, wrapped assets or centralized custody.

What We‚Äôre Solving:

1. Truly decentralized cross-chain transactions with no wrapped assets, vaults or multi-sig risks
2. Fast, low-cost swaps secured by Bitcoin, the most capital-rich blockchain & what we believe to be the fundamental monetary layer
3. Seamless DeFi access with a UX rivaling CEXs and fully self-custodied
4. Sustainable liquidity incentives through a first-of-its-kind Bitcoin AMM
5. Barriers to Americans from participating in incentivization campaigns.

Who‚Äôs Here?

Our team at Portal to Bitcoin has been building on Bitcoin for a long time and is backed by Arrington Capital, Coinbase Ventures, [Gate.io](http://Gate.io) and OKX Ventures.

https://preview.redd.it/ezn7x0m8hiie1.png?width=9500&format=png&auto=webp&s=dd537e4ee6e8bda0c4ea98e94df06b059a44370c

We‚Äôre here to discuss:

* How Portal connects native Bitcoin to DeFi
* The risks of bridges and how we solve them
* The future of cross-chain finance
* Your questions. Ask us anything!

When and Where?

* Wednesday, February 12, 2025
* Time: All day!
* Subreddit: Right here at r/cryptocurrency

Now for the fun part! We‚Äôre giving the r/CryptoCurrency community a chance to win a share of $500 in **USDT**! The top 5 most interesting questions about Portal to Bitcoin in the comments below will each win a prize! Here‚Äôs how:

To qualify, make sure you

1. Drop your best question about Portal to Bitcoin in the comments.
2. Follow [https://x.com/portaltobitcoin](https://x.com/portaltobitcoin) on Twitter.
3. Join our subreddit r/portaltobitcoin

Winners will be selected and contacted via DM here on Reddit.

We believe Bitcoin should be the foundation of DeFi and Portal is making that possible. Whether you‚Äôre a trader, LP, dev or just crypto-curious, drop your questions below and let‚Äôs talk.

Would you like to earn more? Come visit: [https://quests.portaltobitcoin.com](https://quests.portaltobitcoin.com) and join our incentivized public testnet for a chance to earn LiteNodes, each sharing in a generous 5% of our total network emissions. Even Americans are eligible!

See you all on February 12th!",18,27,https://www.reddit.com/r/CryptoCurrency/comments/1imyis1/ama_giveaway_with_portal_to_bitcoin_making/
2025-02-05 17:41:01,Moon Week 58,"Welcome to Moon Week for round 58 of Moons! For more information about Moons, please [see our wiki page here](https://www.reddit.com/r/CryptoCurrency/wiki/moons_wiki). 

We are using Snapshot for voting directly with the Moon balance in your wallet, in a transparent and open manner. For now all Moons held in self-hosted wallets at the time of poll creation will be eligible to vote, so if you are holding Moons on an exchange, the telegram TipBot or in a wallet that you are not comfortable connecting to snapshot then please be sure to transfer your Moons to a self-hosted wallet that you are comfortable connecting to snapshot before each Moon Week. 

To give exposure to our governance polls for the month, this Moon Week post will remain pinned to the top of the subreddit until next Monday. You can [see our schedule here](https://calendar.google.com/calendar/embed?src=i0e5as6q033nruqck5c9nfk24k%40group.calendar.google.com).**Please review the following important information first:**

* Successful polls are implemented whenever the responsible party has a chance to do it. Usually this is within days or weeks of the poll passing, but depends on workload, priorities, and complexity of implementation. You can look at implementation status on [the CCIP list.](https://docs.google.com/spreadsheets/d/1LhhqB4UAezNMdAwjV3evFXPD2x1JFCFHdnm8rmyRqAE/edit?usp=sharing)
* In the event of incompatible polls passing, the poll with more Moons voting in favor will be considered the winner and the other will not be implemented.

# Governance Polls

Here's your poll(s) for this round of Moons:

* [CCIP-108 - Community Picks](https://snapshot.box/#/s:cryptomods.eth/proposal/0x388e7c395821dc01721a83d473c49bb048e88fe4f387c4d592c3de88b0318b76) - [(Discussion Link)](https://www.reddit.com/r/CryptoCurrency/comments/1ihyra3/ccip108_community_picks/)
* [CCIP-109 - Modify Banner Pricing with Discount](https://snapshot.box/#/s:cryptomods.eth/proposal/0x5b7593e4086834e2134c1be61a5ee872aa5c3a39a346d66cc16d7e992602c2b1) - [(Discussion Link)](https://www.reddit.com/r/CryptoCurrency/comments/1ihyrom/ccip109_modify_banner_pricing_with_discount/)

\* Note the pinned comment in each discussion, Snapshot paywalled Nova vote weight so I will manually add it back in at the end of the polls and announce the results. You can still vote as normal.

You can view [the full CCIP list here](https://docs.google.com/spreadsheets/d/1LhhqB4UAezNMdAwjV3evFXPD2x1JFCFHdnm8rmyRqAE/edit?usp=sharing).

# Previous Polls and results

* **Passed** - [CCIP-107 - Reinstate a Karma Cap](https://snapshot.box/#/s:cryptomods.eth/proposal/0x9d67ec936d70e6d471dc1ca6c4413d2a174dd530f430d79e3e2ff6e526962a0b) - [(Discussion Link)](https://www.reddit.com/r/CryptoCurrency/comments/1hvcfop/ccip107_reinstate_a_karma_cap/)

----------

#Distributions


Please review [this snapshot report](https://1drv.ms/x/s!Appd7hw5P7Xck-dM-uFrGTh6lb5XLA?e=OfIIkl) to determine your expected MOON earnings from the past 30 days.

Receipts for your comment and post earnings can be found on the report tab named ""snapshot"". 

If you believe you have identified any distribution errors, please send a message to mod mail for our team to review

To find your balance, please go [here](https://www.reddit.com/message/compose/?to=CommunityCurrencyBot&subject=Balance%20Inquiry&message=Please%20show%20my%20Community%20Currency%20balances).
For the latest guide on every other bot command, click [here](https://www.reddit.com/r/communitycurrency/comments/1fk3yid/command_master_thread/?share_id=N1w1HQuTfqgVSqgiPMXEx&utm_content=2&utm_medium=ios_app&utm_name=ioscss&utm_source=share&utm_term=1)",9,73,https://www.reddit.com/r/CryptoCurrency/comments/1iifsjr/moon_week_58/
2025-02-11 12:43:04,More Than 800K Have Lost $2B on Trump‚Äôs Meme Coin,,1604,307,https://www.thedailybeast.com/more-than-800k-have-lost-2b-on-trumps-meme-coin/
2025-02-11 00:04:55,"Trump and His Family Earned Millions From Trump Coin While 810,000 Others Lost Money: Report",,7503,656,https://www.rollingstone.com/politics/politics-news/trump-meme-coin-2-billion-ls-1235261422/
2025-02-11 16:18:16,"Ethereum‚Äôs price crash reveals signs of Market Manipulation 
, calculated liquidation event, exploiting market leverage and triggering massive sell-offs.",,256,73,https://dailycoin.com/ethereum-price-crash-market-manipulation-event/
2025-02-11 18:53:27,Man ‚ÄòExtremely Serious‚Äô About Buying Landfill Where His $774 Million Bitcoin Is Lost,,88,56,https://decrypt.co/305417/man-buying-landfill-774-million-bitcoin-lost
2025-02-11 09:14:43,Lummis apparently called XRP a scam in a call tonight,"On X she said ""Enjoyed joining @SenJohnBarrasso & @RepHageman for a tele-townhall conversation with folks from across Wyoming tonight to talk about how we are working with President Trump to cut wasteful government spending and unleash American energy.""

Then when you check the comments, people are all asking her why she called XRP a scam in the call.  

A commenter wrote: ""A caller asked the question about what she thought about ripple and xrp, and she said she doesn't like it, it isn't a commodity, and it was more like a scam.""

Here is the post where commenters are saying she called it a scam. 

https://x.com/SenLummis/status/1889119375224914227?t=bDeriY7czAnjUMOToeJr5g&s=19",448,270,https://www.reddit.com/r/CryptoCurrency/comments/1imumk7/lummis_apparently_called_xrp_a_scam_in_a_call/
2025-02-11 13:34:39,27 U.S. states push for Bitcoin and Digital Asset legislation,,147,15,https://www.cryptopolitan.com/27-u-s-states-push-for-bitcoin-legislation/
2025-02-11 11:50:55,Younger generations turn to crypto for retirement savings,,188,54,https://cryptovalleyjournal.com/focus/background/younger-generations-turn-to-crypto-for-retirement-savings/
2025-02-11 17:33:14,Fed chair Powell says he is committed to ending crypto debanking and pausing rate cuts,,53,20,https://www.mitrade.com/insights/news/live-news/article-3-632595-20250212
2025-02-11 12:23:47,"224,410 ETH Exit Exchanges in Biggest Ethereum Outflow in 2 Years",,89,10,https://cryptopotato.com/224410-eth-exit-exchanges-in-biggest-ethereum-outflow-in-2-years/
2025-02-10 13:34:33,Profit is profit! *Cries*,,4241,188,https://i.redd.it/3ksqcl71ebie1.png
2025-02-10 21:29:37,Walmart Partners Cardano (ADA) Cryptocurrency Officially,,871,81,https://www.binance.com/en/square/post/19869482606321
2025-02-11 15:01:08,The memecoin trenches,,30,7,https://i.redd.it/bwn0skhfyiie1.png
2025-02-11 15:36:14,North Carolina Approves 10% Bitcoin Investment Bill,,24,4,https://tldrchain.com/article/north-carolina-approves-10-bitcoin-investment-bill
2025-02-10 19:37:50,"Another Solo Miner Has Mined An Entire BITCOIN BLOCK WORTH $300,000",[source](https://x.com/pete_rizzo_/status/1888994410320338948?t=3cIAu5tDEMjabKraloM3HA&s=19),925,76,https://i.redd.it/8yz6ujvw6die1.jpeg
2025-02-10 21:50:19,"HODLing So Hard, Even the Chair Got Liquidated",,549,43,https://i.redd.it/t6smri7judie1.jpeg
2025-02-11 00:37:40,It's just numbers on a screen,,324,9,https://i.redd.it/cvdzaomeoeie1.jpeg
2025-02-11 10:49:41,Litecoin ETF has 90% chance to get SEC approval in 2025: Analysts,,38,6,https://cointelegraph.com/news/litecoin-etf-90-percent-chance-sec-approval-2025
2025-02-11 18:39:59,üáØüáµ Japanese gaming company Gumi announces purchase of 1 billion yen (about 6.6 million US dollars) in Bitcoin to enhance Crypto strategy,,8,4,https://www.dimsumdaily.hk/gumi-inc-in-japan-approves-us6-6-million-bitcoin-purchase-to-enhance-crypto-strategy/
2025-02-11 08:05:47,"Nasdaq Files to List XRP ETF, Stating XRP Is Hard to Manipulate","Article in summary:
Nasdaq has officially filed with the SEC to list the Coinshares XRP ETF, arguing that XRP‚Äôs decentralized structure and deep liquidity make it difficult to manipulate. The ETF will function as a Delaware Statutory Trust, holding only XRP and cash, allowing investors to gain exposure to XRP without direct ownership.

Key points from the filing:

‚Ä¢	‚Å†The ETF‚Äôs value will track the Compass Crypto Reference Index XRP (4 PM NY time).
‚Ä¢	‚Å†XRP will be securely stored by a third-party custodian to ensure safety.
‚Ä¢	‚Å†Nasdaq argues that XRP is less prone to manipulation than other digital assets previously approved for ETFs, such as Bitcoin and Ethereum.
‚Ä¢	‚Å†The SEC is now reviewing the proposal and seeking public comments before making a decision.

This move could significantly impact XRP‚Äôs market adoption, providing regulated institutional access to the asset and potentially increasing trading volumes. If approved, this ETF could mark a major milestone in XRP‚Äôs journey toward mainstream financial integration.

Always read the full article for a better understanding. Different perspectives can give you a clearer view.",50,49,https://news.bitcoin.com/nasdaq-files-to-list-xrp-etf-stating-xrp-is-hard-to-manipulate/
2025-02-10 23:39:33,"Grayscale Files For Cardano ETF, Its First Standalone ADA Product",,222,32,https://www.coindesk.com/business/2025/02/10/grayscale-files-for-cardano-etf-its-first-standalone-ada-product
2025-02-10 15:16:14,Kanye West's Super Bowl 2025 ad sparks Nazi-themed crypto frenzy,,606,200,https://crypto.news/kanye-wests-super-bowl-2025-ad-sparks-nazi-themed-crypto-frenzy/
2025-02-11 14:33:28,"Bitcoin‚Äôs Diamond Hands Double Down, Targets All-Time High",,7,7,https://beincrypto.com/bitcoin-permanent-holder-accumulate/
2025-02-11 14:01:24,Tesla made $600 million in Bitcoin profits during Q4 of 2024,,7,14,https://www.cryptopolitan.com/tesla-made-600-million-in-bitcoin-profits-during-q4-of-2024/
2025-02-10 19:23:49,Coinbase CEO Brian Armstrong Says Bitcoin Adoption To Reach 'Billions' By 2030,,195,58,https://www.benzinga.com/markets/cryptocurrency/25/02/43591727/coinbase-ceo-brian-armstrong-says-bitcoin-adoption-to-reach-billions-by-2030?utm_source=coingecko&utm_campaign=partner_feed&utm_medium=partner_feed&utm_content=site
2025-02-11 16:34:20,What's up with these tap to earn tokens ?,"
Lately, I keep seeing these ""tap to earn"" apps everywhere basically, you tap the screen, watch ads, or do random tasks to earn some kind of crypto or in-game token. At first, it seems like an easy way to stack up some extra cash, but after messing around with a few, I‚Äôm starting to think it‚Äôs mostly a waste of time. But at the other end we can even make money lol if good luck. 
I‚Äôve noticed The payouts are tiny. You‚Äôd have to grind for weeks just to make a few bucks.
Withdrawal limits are insane. A lot of these apps won‚Äôt let you cash out until you hit some ridiculous threshold that most people will never reach.
Way too many ads. Half the time, you‚Äôre just watching endless ads for the chance to earn a few cents.
Some of them seem sketchy. A few apps never actually pay out, or they disappear after hyping up their tokens.
I feel like these apps are just farming user engagement and ad revenue while making it seem like you're earning something. Has anyone actually made decent money from one of these, or are they all just a trap? Curious to hear real experiences. Recently came accross tapswap. Before it was ton and midas yield which i tried . But kinda confused because So many are still coming in market. 


",4,13,https://www.reddit.com/r/CryptoCurrency/comments/1in2q44/whats_up_with_these_tap_to_earn_tokens/
2025-02-10 15:39:44,Ethereum faces unprecedented short positioning as short interest spikes 500% since November 2024,,379,70,https://crypto.news/ethereum-faces-unprecedented-short-positioning-as-short-interest-spikes-500-since-november-2024/
2025-02-10 19:03:44,"Tesla Still Holds 11,509 BTC - No Change in Bitcoin Position Despite Reports",,151,49,https://www.reddit.com/gallery/1ime1br
2025-02-10 15:18:59,"Michael Saylor's Strategy acquires 7,633 Bitcoin after one-week break, holdings now worth $46B",,232,75,https://cryptobriefing.com/michael-saylor-bitcoin-acquisition/
2025-02-09 22:55:44,Just give it a minute,,3281,119,https://i.redd.it/2sz9fm4b17ie1.png
2025-02-11 00:00:48,"Daily Crypto Discussion - February 11, 2025 (GMT+0)","**Welcome to the Daily Crypto Discussion thread. Please read the disclaimer and rules before participating.**
 
***
&nbsp;
    
###Disclaimer:

Consider all information posted here with several liberal heaps of salt, and always cross check any information you may read on this thread with known sources. Any trade information posted in this open thread may be highly misleading, and could be an attempt to manipulate new readers by known ""pump and dump (PnD) groups"" for their own profit. BEWARE of such practices and exercise utmost caution before acting on any trade tip mentioned here. 


**Please be careful about what information you share and the actions you take.** Do not share the amounts of your portfolios (why not just share percentage?). Do not share your private keys or wallet seed. Use strong, non-SMS 2FA if possible. Beware of scammers and be smart. Do not invest more than you can afford to lose, and do not fall for pyramid schemes, promises of unrealistic returns (get-rich-quick schemes), and other common scams.
    
***
&nbsp;
    
###Rules:

  - All [sub rules](https://www.reddit.com/r/CryptoCurrency/about/rules/) apply in this thread. The prior exemption for karma and age requirements is no longer in effect. 
  - Discussion topics must be related to cryptocurrency.
  - Behave with civility and politeness. Do not use offensive, racist or homophobic language.
  - Comments will be sorted by newest first.
  
***
&nbsp;

###Useful Links:

  - [**Beginner Resources**](https://www.reddit.com/r/CryptoCurrency/wiki/beginner_resources)

  - [**Intro to r/Cryptocurrency MOONs üåî**](https://www.reddit.com/r/CryptoCurrency/comments/gj96lb/introducing_rcryptocurrency_moons/)

  - [**MOONs Wiki Page**](https://www.reddit.com/r/CryptoCurrency/wiki/moons_wiki/)

  - [**r/CryptoCurrency Discord**](https://www.reddit.com/r/CryptoCurrency/comments/kth255/join_the_crypto_currency_discord/)

  - [**r/CryptoCurrencyMemes**](https://www.reddit.com/r/cryptocurrencymemes)

  - [**Prior Daily Discussions**](https://www.reddit.com/r/CryptoCurrency/search?q=title%3A%22Daily+Crypto+Discussion+-+%22+&restrict_sr=on&sort=new&t=all) - (Link fixed.)

  - [**r/CryptoCurrencyMeta**](https://www.reddit.com/r/CryptoCurrencyMeta/) - Join in on all meta discussions regarding r/CryptoCurrency whether it be moon distributions or governance.

***
&nbsp;

### Finding Other Discussion Threads

Follow a mod account below to be notified in your home feed when the latest r/CC discussion thread of your interest is posted.

* u/CryptoDaily- ‚Äî Posts the Daily Crypto Discussion threads. 

* u/CryptoSkeptics ‚Äî Posts the Monthly Skeptics Discussion threads.
 
* u/CryptoOptimists- ‚Äî Posts the Monthly Optimists Discussion threads.

* u/CryptoNewsUpdates ‚Äî Posts the Monthly News Summary threads.",30,895,https://www.reddit.com/r/CryptoCurrency/comments/1iml5ee/daily_crypto_discussion_february_11_2025_gmt0/
2025-02-10 01:47:09,Lost Fortune: Landfill Containing $750M in Bitcoin to Be Sealed Forever,,1499,170,https://news.bitcoin.com/lost-fortune-landfill-containing-750m-in-bitcoin-to-be-sealed-forever/
2025-02-11 17:00:31,The USDC Stablecoin Reached a New ATH in Market Cap Driven by Adaptation on Solana,,0,2,https://ecency.com/stablecoins/@dalz/the-usdc-stablecoin-reached-a-new-ath-in-market-cap-driven-by-adaptation-on-solana-or-data-on-marketcap-users-chains-allocation-
2025-02-10 11:46:28,Bitcoin holds $95K support despite heavy selling pressure,,204,44,https://cointelegraph.com/news/bitcoin-holds-95k-seller-exhaustion-liquidations-loom
2025-02-10 17:21:15,Binance Proof of Reserves Report Suggests Significant Sale of Excess Crypto Holdings,,65,21,https://cryptomars.net/binance-proof-of-reserves-report-suggests-significant-sale-of-excess-crypto-holdings/
2025-02-11 14:42:46,crypto taxes for a beginner,"Hi everyone, I have some questions for the more experienced:

1) I got two AirDrops, about 1k each, sold on the same day, on one I lost $50 and on the other I made $100 profit, how should I report them?

2) I invested example: 5k in Solana, now I have a total value of 15k in sol‚Ä¶ I decide to sell 2k do I have to declare it anyway, even if it is less than what I invested and it is not a capital gain?

3) I have been DCA BTC for the past 3 years, small transactions of $100 a week, sold everything! 
but one of the exchanges I bought from no longer shows me how many BTC I bought and at what price‚Ä¶

I can declare like this: I invested 10,000, I sell for 15,000‚Ä¶15,000-1000=5,000 profit and I pay taxes!  Or do I always have to report the details of each individual transaction, the dates, etc.?

US base!

Thanks to whoever can help me!",0,5,https://www.reddit.com/r/CryptoCurrency/comments/1in03y1/crypto_taxes_for_a_beginner/
2025-02-11 18:22:35,"Tether transfer from abroad, taxes?","Hi there, noob in crypto here. Sorry if my English is bad sometimes. 

Tl;dr in advance: What‚Äôs the taxation on receiving about $1800 worth of tether on average monthly, from my brother in Turkey to me in the US? 

Here‚Äôs my situation and I‚Äôm trying to understand what sort of taxation I might have to deal with. 

I have assets abroad (in Turkey specifically) but I reside in the US (non-citizen, legal resident) and I want to transfer my monthly passive income that I have back there to here. It‚Äôs not much, about $1600 to $1900 each month. Using the regular bank to bank transfers I end up using about $1200 or more in a year due to horrible exchange rates and the fees. So my brother who‚Äôs a crypto enthusiast suggested that I use this method: 

I send him my Turkish Lira each month, he buys tether and transfers it to me in the US, and I transfer that into my regular bank account. So  basically a transfer from my Turkish bank account to my US bank account through a longer but supposedly cheaper way. That part seems to be accurate, but I‚Äôm wondering what my obligations are in terms of taxes. As far as chatgpt tells me, since it‚Äôs a transfer within family it can be considered a ‚Äúgift‚Äù, and if it doesn‚Äôt exceed the $18,000 annual gift tax exclusion, it‚Äôll be fine. But it does exceed the $18,000 limit. So will I be taxed on the amount after that limit, or does the whole total of transfer then gets deemed not a gift and get taxed? Also other than that, is there anything else that I need to consider?

Many thanks in advance to all who try to help. Happy gaining to you. ",0,4,https://www.reddit.com/r/CryptoCurrency/comments/1in5e4a/tether_transfer_from_abroad_taxes/
2025-02-10 13:18:56,Ethereum fees dip below $1M for the first since September 2024,,95,58,https://cointelegraph.com/news/ethereum-fees-dip-below-1-m-for-the-first-since-september?utm_source=feedly_feed&utm_medium=rss&utm_campaign=rss_partner_inbound
2025-02-10 20:59:49,Nobel Economist Labels Bitcoin ‚ÄúA Financial Black Hole‚Äù,""" Eugene F. Fama, a Nobel Prize-winning economist, sees zero value in Bitcoin, calling it nothing but an empty vacuum.

Appearing on the Capitalis‚Äôt podcast, Eugene Fama delivered his verdict: Bitcoin is doomed. While the crypto world has heard plenty of these eulogies before, Bitcoin continues to defy the odds.

Fama ridiculed the idea of a blockchain-based financial system, likening it to boiling soup over a fire made from plastic bottles‚Äîexpensive, inefficient, and environmentally reckless. He sees Bitcoin as a wild card in monetary theory, unpredictable and undeserving of attention. And the idea that it‚Äôs ‚Äúdigital gold‚Äù? He‚Äôs not buying it.¬†

‚ÄúCryptocurrencies are such a puzzle because they violate all the rules of a medium of exchange,‚Äù Fama said. ‚ÄúThey don't have a stable real value. They have highly variable real value. That kind of a medium of exchange is not supposed to survive,‚Äù he concluded.""

*Is E. Fama right about Bitcoin being worthless, or is he way off? What do you think guys?*

# [The source](https://coinomist.com/news/nobel-economist-labels-bitcoin-a-financial-black-hole/)",20,39,https://www.reddit.com/r/CryptoCurrency/comments/1imgxe8/nobel_economist_labels_bitcoin_a_financial_black/
2025-02-10 05:33:15,Odds of Kanye West Launching Token Plummet After He Says ‚ÄòCoins Prey on Fans‚Äô,,361,64,https://www.coindesk.com/markets/2025/02/08/odds-of-kanye-west-launching-token-plummet-after-he-says-coins-prey-on-fans
2025-02-11 09:04:40,Ethereum Outpaces Bitcoin as Digital Asset Fund Inflows Hit $1.3 Billion,,1,2,https://thedefiant.io/news/markets/ethereum-outpaces-bitcoin-as-digital-asset-fund-inflows-hit-usd1-3-billion
2025-02-10 18:13:05,Hacker in SEC X account breach faces $50k fine in plea deal,,33,9,https://crypto.news/hacker-in-sec-x-account-breach-faces-50k-fine-in-plea-deal/
2025-02-11 15:30:48,"Revolutionizing Uranium Trading: On-Chain, Fractional Ownership, and 24/7 Access",,0,1,/r/uranium_io/comments/1ildxrq/revolutionizing_uranium_trading_onchain/
2025-02-10 21:41:36,CFTC Intensifies Crypto Fraud Crackdown: Major Legal Actions and Public Awareness Campaign Launched - Crypto-News.net,,11,1,https://www.crypto-news.net/cftc-intensifies-crypto-fraud-crackdown-major-legal-actions-and-public-awareness-campaign-launched/
2025-02-11 18:38:33,Would this cryptocurrency idea work?,"TL;DR: Cryptocurrency with a built-in private messaging app. Messages cost one coin, and the coin is designed to be cheap due to high supply. Mining secures the network.


So I was thinking of this cryptocurrency idea but I'm not sure if it will work since no one seems to have tried to make it.


Basically, a cryptocurrency with an app that people could buy and sell the coin. Within the app, users have the ability to send messages to other users or wallet addresses using one coin as a fee per message. 


The messaging future will be decentralized and private, which is the core utility of cryptocurrency.


The coin will have a relatively high supply to make the coin price low so the fee per message can be manageable.


The coin can be bought original mined; the miners will receive coins from mining and a bit more from mining fees.


The electricity used from the miners will keep the network up.",0,19,https://www.reddit.com/r/CryptoCurrency/comments/1in5rz2/would_this_cryptocurrency_idea_work/
2025-02-10 19:19:50,"Your thoughts on the ""stable"" coin USDN","I recently came across a new stable coin called USDN offered by a decentralized exchange platform named Smardex. It appears that they have a feature which allows users to swap Ethereum and potentially USDT to their proprietary stable coin, USDN. This caught my interest, and I‚Äôm curious if anyone else has encountered this before?

What makes USDN particularly intriguing is their advertised 58% APR just for holding the coin in your wallet. This is quite an attractive proposition, and it has piqued my interest significantly. However, I am a bit cautious, as it sounds almost too good to be true. I would like to give it a try, but I want to ensure it's a sound investment and not something that might lead me into complications or unforeseen issues down the line.

From what I understand, there are two main avenues to acquire USDN: you can either mint new USDN coins or swap existing cryptocurrencies to USDN. The prospect of such high returns is tempting, yet it‚Äôs crucial to assess the reliability and legitimacy of Smardex and their offerings. Before taking the plunge, I would like to gather more insights from others who might have experience with USDN to determine whether it‚Äôs genuinely worth the risk, or if it would be wiser to approach this offer with caution.

Link: https://smardex.io/usdn/vault (hope that posting links is fine. Only for reference)",18,54,https://www.reddit.com/r/CryptoCurrency/comments/1imeg1f/your_thoughts_on_the_stable_coin_usdn/
2025-02-10 10:03:42,Japan's Financial Services Agency Plans To Lift Ban On Cryptocurrency ETFs,,101,12,https://www.coinlive.com/news-flash/737923
2025-02-11 02:05:31,Coinbase Withdrawal Hold,"I recently recieved an email from what appears to be coinbase but I haven't tried to make any withdrawals. 

I did recently get a new phone and wasn't sure if it could be related to that. I haven't noticed any usually activity but it is the second time that I am receiving this. 

Sorry if this is silly or best directed somewhere else. I just want to make sure nothing is comprised or needing me to do something. 

I did change my password and do use 2FA. 

Any advice is appreciated and I thank anyone in advance!

https://imgur.com/a/PlC7lGA",5,13,https://www.reddit.com/r/CryptoCurrency/comments/1imnk2h/coinbase_withdrawal_hold/
2025-02-10 19:07:35,Armed police arrest three Britons over alleged kidnap of crypto broker,,17,7,https://www.telegraph.co.uk/world-news/2025/02/09/three-britons-held-over-alleged-crypto-kidnapping-plot/
2025-02-11 09:45:34,Bitcoin teases gains as traders say $100K now key support reclaim,,2,6,https://cointelegraph.com/news/bitcoin-teases-upside-traders-100k-essential-support-reclaim?utm_source=feedly_feed&utm_medium=rss&utm_campaign=rss_partner_inbound
2025-02-11 12:39:03,About XRP,"No idea how this is going to be received as I don‚Äôt spend time on here, but it‚Äôs the honest truth lol",0,20,https://x.com/ericyakes/status/1889008800470102186
2025-02-11 08:35:28,BBC journalist Nick Robinson‚Äôs social media ‚Äòhacked to promote cryptocurrency‚Äô,,0,4,https://www.standard.co.uk/news/uk/nick-robinson-bbc-life-robinson-amol-rajan-b1210367.html
2025-02-11 11:59:24,CZ Says Binance's Token Listing Process is 'Broken',,0,7,https://thedefiant.io/news/people/cz-says-binance-s-token-listing-process-is-broken
2025-02-11 01:31:22,Bitcoin Climbs Above $97K as Trade Volume Surges ‚Äì Markets and Prices Bitcoin News,,3,3,https://news.bitcoin.com/bitcoin-climbs-above-97k-as-trade-volume-surges/
2025-02-11 17:15:40,"My first step into tokenized uranium‚Äîso far, so good!","I‚Äôve been into crypto for a while, but uranium tokenization was new to me. Decided to jump in a few months ago.

So far, the process has been smooth‚Äîbought small fractions easily, 24/7. I also like that they post a transparency doc showing the actual uranium holdings (I checked it, looks legit).

Sure, there are risks: if you forget your wallet keys or if the platform goes down, that‚Äôs on you. But I see it as a cool way to diversify and get in on the nuclear energy momentum. Anyone else here dipping a toe in tokenized uranium?",0,9,https://www.reddit.com/r/CryptoCurrency/comments/1in3qd4/my_first_step_into_tokenized_uraniumso_far_so_good/
2025-02-11 15:01:17,Can anyone help me figure out what coins these are that I bought about 8 years ago?,"About 8 years ago I bought $50 or $100 worth of some random alt-coins and put them on paper wallets and then forgot about it. 
I recently found my paper wallets, but I don‚Äôt remember what coins these are, or how to check the balance (if they‚Äôre not completely dead).
Each coin has a little symbol (which I can‚Äôt really read, a public key, and some instructions that I‚Äôm not finding helpful. I‚Äôve tried scanning the public key on a few different blockchain explorers but nothing is coming up. 
I do have the private key for each of these on a separate piece of paper (which I‚Äôm not going to post)
Can anyone help me figure out what coins these are and how do I check the balance?
Thanks for the help ü§û",0,5,https://www.reddit.com/gallery/1in0ixf
2025-02-11 13:04:15,What is behind the ‚ÄòHarry B≈çlz‚Äô madness? Elon Musk‚Äôs name change on X sparks crypto frenzy,,0,35,https://m.economictimes.com/magazines/panache/what-is-behind-the-harry-blz-madness-elon-musks-name-change-on-x-sparks-crypto-frenzy/articleshow/118147698.cms
2025-02-09 16:11:22,"Dave Portnoy promotes meme coin Jailstool, token surges 100,000% overnight",,774,223,https://www.cryptopolitan.com/dave-portnoy-meme-coin-jailstool-surges/
2025-02-10 22:04:21,"Cboe BZX submits filings for XRP ETFs from Bitwise, WisdomTree, Canary, and 21Shares.","Looks like the hype for xrp is gonna huge this bull run. 
Cboe BZX Exchange has filed requests with U.S. regulators to launch the first spot XRP exchange-traded funds (ETFs).
On February 6, the exchange submitted filings for four asset managers Canary Capital, WisdomTree, 21Shares, and Bitwise. These ETFs would track the price of XRP, the fourth-largest cryptocurrency.
These filings notify the U.S. Securities and Exchange Commission (SEC) about a proposed rule change. If approved, these would be the first XRP ETFs in the U.S.

Earlier, under former SEC Chair Gary Gensler, ETFs for Bitcoin and Ethereum were approved in early 2024.

Now, with Acting Chair Mark Uyeda, who is seen as more supportive of crypto, there has been an increase in crypto-related ETF filings. Analysts believe issuers are testing what new crypto products the SEC, possibly influenced by a Trump administration, might approve.

I think we are now getting a lot of adoption and attention towards crypto . Many more expectations from other major exchanges like bitget and kucoin regarding etfs. 

",4,16,https://www.reddit.com/r/CryptoCurrency/comments/1imiijz/cboe_bzx_submits_filings_for_xrp_etfs_from/
2025-02-09 18:37:45,Is the crypto bull market over? Retail sentiment is ‚Äòworst it‚Äôs been in years‚Äô,,438,291,https://cryptoslate.com/is-the-crypto-bull-market-over-retail-sentiment-is-worst-its-been-in-years/
2025-02-11 11:26:47,"The crazy world of crypto, It's only getting worse","  
Crypto has been through ups and downs but honestly since 2017 when layer two tokens for Ethereum took off and DeFi came into existence it's only gotten more wild.

  
I'd have to say at least the first part of what would be considered a fun meme coin project would have been DOGE at least one that really took off and became one of the most adopted token. This was back in 2014, and before that I would say most projects where legitimate cases of blockchain such as litecoin.

From there things fell rather quite for a while until 2017 when Ethereum layer two tokens really took off. This layer two token system opened up a lot of possibilities but it also opened up a lot of failed projects and yes scam investments.

From there we then moved into 2020-2021 with the introduction of Meme coins, DeFi and NFT a rather large growth in terms of amount of projects and people getting involved.

 Now we are in 2024-2025 bull run and we have a lot of the same crazy going on but at a whole new level. We have meme coin crazy, scams, rug pulls, DeFi hacks, Layer two token projects, NFTs, web3, gaming and more. It's gotten so big now that not everything goes up.

https://preview.redd.it/nioyb8mjvhie1.png?width=1600&format=png&auto=webp&s=80e9e164b8e7b0ff65dfd4681b21e8760c0d3d04

Read the rest of the post on Bitcoinflood's blog: [https://peakd.com/hive-167922/@bitcoinflood/the-crazy-world-of-crypto-its-only-getting-worse-ec9](https://peakd.com/hive-167922/@bitcoinflood/the-crazy-world-of-crypto-its-only-getting-worse-ec9)",0,8,https://www.reddit.com/r/CryptoCurrency/comments/1imwfr0/the_crazy_world_of_crypto_its_only_getting_worse/
2025-02-09 19:46:54,Bitcoin Ad at Super Bowl Half Time,"In 2025, Bitcoin is taking the stage at the Super Bowl, showcasing its potential for a brighter financial future. The ad will highlight how Bitcoin offers freedom, decentralization, and a hedge against inflation. 

With adoption growing globally, this ad marks a major milestone in Bitcoin‚Äôs journey from a niche asset to mainstream recognition. Get ready to see Bitcoin as a game-changer in the financial world",213,83,https://www.binance.com/en/square/post/18477881165098
2025-02-11 00:45:26,Crypto exchanges with Pies,"Is anyone familiar with any crypto exchanges (preference for European) that have a feature similar to the pies from Trading212?

The ones that have something similar (like Binance) only allow it to be used in automatic recurring buys, while Trading212‚Äôs pies can be used for manual investments and recurring as well.

I haven‚Äôt been able to find an exchange that supports it, and after the success of Trading212‚Äôs Pies, I find it a bit weird no crypto exchanges tried to capture the concept, specially given the importance of having a diversified portfolio when it comes to crypto currency.",1,1,https://www.reddit.com/r/CryptoCurrency/comments/1imm3k5/crypto_exchanges_with_pies/
2025-02-09 16:20:57,Elon Musk‚Äôs DOGE Pushes for Blockchain Transparency in U.S. Government Spending,,364,137,https://cryptodnes.bg/en/elon-musks-doge-pushes-for-blockchain-transparency-in-u-s-government-spending/
2025-02-09 20:25:29,Poland‚Äôs Central Bank rules out Bitcoin for reserves,,160,46,https://crypto.news/polands-central-bank-rules-out-bitcoin-for-reserves/
2025-02-11 07:50:19,"Okay it‚Äôs Tuesday, lets have your ‚Äòmake me rich‚Äô in 10 years crypto tickers‚Ä¶.","Okay it‚Äôs Tuesday, we all have to work, nobody likes work so lets get rich today. We need to find some ‚Äòmake me rich‚Äô in 10 years crypto tickers‚Ä¶

Following on from a ‚Äòmake me rich ticker picker‚Äô on r/stocks yesterday, where everybody gave 3 stock tickers which they think will make them filthy rich in 10 years, lets go again! But this time with crypto‚Ä¶

Rules:

1. Pick 3 crypto tickers
2. Explain why they are going to make you filthy rich.

I will then take all the data and make a chart and list, showing the most popular ‚Äòmake me filthy rich‚Äô cryptos from the thread.

Edit: Lots of salty downvoters obviously don‚Äôt like getting rich on a Tuesday. I‚Äôm sorry if I‚Äôve triggered you but we just wanna quit our jobs down here!

Edit2: Not so many mentions of ETH? Wonder why that is?

**Edit3: Okay, so the results are coming in and I've started to organise the data into a chart of the top 4 cryptos mentioned today, see here:** [**https://www.reddit.com/r/Cryptocurrencycat/comments/1imydga/top\_4\_most\_popular\_cryptos\_from\_the/**](https://www.reddit.com/r/Cryptocurrencycat/comments/1imydga/top_4_most_popular_cryptos_from_the/)

**Solana is above Ethereum at the moment, which is interesting. What do you guys think is going on there?**",0,91,https://www.reddit.com/r/CryptoCurrency/comments/1imtj64/okay_its_tuesday_lets_have_your_make_me_rich_in/
2025-02-11 07:48:22,Arthur Hayes on Ether: ‚ÄòVitalik cares about the price‚Ä¶ he‚Äôll do something about it‚Äô,,0,7,https://www.thestreet.com/crypto/markets/arthur-hayes-on-ether-vitalik-cares-about-the-price
2025-02-09 14:59:04,Bitcoin hashrate hits a new ATH,,349,184,https://i.redd.it/wau6la99o4ie1.jpeg
2025-02-10 01:12:05,Can customers actually do XRP-based money transfers through conventional banks?,"I'm from a country with a very archaic and anti-competitive banking system. From what I've read, at least one chain of major national banks has some affiliation to XRP, but I haven't seen anything about how to do faster and less expensive money transfers via XRP from that bank. XRP isn't mentioned anywhere on its website, and that got me wondering how banks even refer to XRP-based money transfers - to the extent that they acknowledge XRP or crypto to their customers at all.

Do any banks where you live actually let you transfer fiat money via XRP? If so, do they refer to such transactions as ""wire transfers,"" ""XRP money transfers,"" or something different? Also, wouldn't both the sending bank AND the receiving bank need to support XRP for this sort of transfer to go through?",62,67,https://www.reddit.com/r/CryptoCurrency/comments/1ilueuw/can_customers_actually_do_xrpbased_money/
2025-02-11 07:08:49,"Don‚Äôt look now, but the US Federal Reserve is slowly turning pro-crypto",,0,1,https://www.cryptopolitan.com/us-fed-is-slowly-turning-pro-crypto/
2025-02-10 08:46:08,"Memecoin Madness Returns as Barstool Sports, BNB Chain, and an Entire African Country Dabble With Meme Tokens",,13,9,https://www.coindesk.com/markets/2025/02/10/memecoin-madness-returns-as-barstool-sports-bnb-chain-and-an-entire-african-country-dabble-with-meme-tokens
2025-02-10 16:09:18,"Removing FDIC? ""In trustless, we Bitcoin""",,3,27,https://www.cnn.com/2024/12/18/business/fdic-trump-bank-regulation/index.html
2025-02-10 13:03:54,Crypto investment products see $1.3 billion in weekly inflows despite Trump tariff woes: CoinShares,,2,2,https://www.theblock.co/post/339738/ethereum-outpaces-bitcoin-weekly-crypto-fund-flows-trump-tariffs
2025-02-09 21:23:42,"Economist Henrik Zeberg Says No Indications That Crypto Bull Market Top Is In, Predicts ‚ÄòFantastic‚Äô Altcoin Season",,53,48,https://dailyhodl.com/2025/02/09/economist-henrik-zeberg-says-no-indications-that-crypto-bull-market-top-is-in-predicts-fantastic-altcoin-season/
2025-02-10 18:48:34,Current Market Analysis 10/02/2025: Smart Money Keeps Accumulating,,0,1,/r/StartWithCrypto/comments/1imd09e/current_market_analysis_10022025_smart_money/
2025-02-10 18:21:26,Calling All Developers & Artists: Join the r/Bucketheads Community Contests! üé®üíª,"r/Bucketheads is hosting two major contests‚Äîone for developers and one for artists‚Äîwith exclusive Reddit Collectible Avatars (RCAs) & $BUCKETS as prizes!

üõ† Development Contest (Deadline: March 31st)

üéØ Objective: Build a game/tool to enhance r/Bucketheads!
üèÖ Prizes:
‚úÖ Conesmith #1 RCA (unique collectible avatar)
‚úÖ 848,000 $BUCKETS (community currency)
üìú Legal Agreements Required
üîπ Community votes via CommunityVotingBot

Link to original post here: https://www.np.reddit.com/r/Bucketheads/s/cKgehANaFn

üé® Art Contests: Pencilhead & Markerhead Challenges

üñäÔ∏è Pencilhead Challenge: Create weekly pencil bucket-themed drawings.
üñçÔ∏è Markerhead Challenge: Create weekly marker bucket-themed drawings.
üèÜ Prizes:
‚úÖ Pencilhead #1 RCA ‚úèÔ∏è
‚úÖ Markerhead #1 RCA üñäÔ∏è
üìú Legal Agreement: Ensures you retain ownership while allowing r/Bucketheads to use entries for promotions.

Link to original post here: https://www.np.reddit.com/r/Bucketheads/s/ksPO97odDr

üì¢ How to Enter:

1Ô∏è‚É£ Comment below or DM the Buckethead mod team to apply.
2Ô∏è‚É£ Review & sign the contest agreement.
3Ô∏è‚É£ Submit your work before the deadlines.
4Ô∏è‚É£ Community votes decide the winners!

üèÜ Why Join?
‚úîÔ∏è Get your work featured in r/Bucketheads.
‚úîÔ∏è Earn exclusive RCAs + $BUCKETS!
‚úîÔ∏è Help grow the Bucketheads ecosystem!

Let's build & create together! üî• #Bucketheads #BuildForGood #ArtForGood",1,0,https://www.reddit.com/r/CryptoCurrency/comments/1imcyxb/calling_all_developers_artists_join_the/
2025-02-09 16:24:52,Klarna to Accept Crypto Payments as It Targets $15 Billion IPO Valuation,,117,9,https://beincrypto.com/klarna-to-accept-crypto-payments/
2025-02-11 02:57:36,Telcoin - not enough attention,"For a cryptocurrency company that has been a trailblazer in writing and passing a pro crypto bill in Nebraska to now being Conditionally approved to open the first US Digital Asset Bank charter - how does telcoin not get enough attention from the community? They will have access the Fed rails and provide crypto services to small banks and big banks alike. An actual use of cryptocurrency, yet many journalists, crypto news breakers don‚Äôt report about it. 

The government at the moment is very hot on stable coins, yet we now have the company telcoin that can now legally issue dollar backed stablecoins. They are planning for the US dollar, Mexican peso, Philippine peso, etc. the biggest remittance corridors there are, and yet we don‚Äôt spread the news? I mean, this is tech! Actual adoption and use of crypto. I just don‚Äôt get how they don‚Äôt have the CT backing or support from more people. It‚Äôs an older company that survived bear markets and is still building and it‚Äôs at its peak potential right now. And I haven even talked about telecoms, the telcoin network, and how the token is used in the systems they are soon releasing.


Wake up people!!
",0,21,https://www.reddit.com/r/CryptoCurrency/comments/1imomz8/telcoin_not_enough_attention/
2025-02-10 06:56:27,Polygon & the Super Bowl: From Reddit Avatars to Polymarket‚Äôs $14M Bet,"Today I crossed with this interesting [Tweet ](https://x.com/p_petertherock/status/1888697925423055196)sharing data regarding the NFL Super Bowl on Polygon.

As you may know, two years ago Reddit had a Reddit Collectible Avatars marketing campaign for the NFL Super Bowl LVII and they gifted event related avatars to the users that claimed them. Like this one:

https://preview.redd.it/otzpr7cxe9ie1.png?width=780&format=png&auto=webp&s=4c11a4bcb1012357f0045a9d85d05fa4b335dfe3

This whole event minted 2,124,854M Collectible avatars on Polygon Network. Unfortunately Reddit next year's Superbowl tried something similar but making them too expensive and not achieving that great success.

https://preview.redd.it/c8bpje8ye9ie1.png?width=1704&format=png&auto=webp&s=7cab97c93ac7dbe580b8c5584b3c01b2ac694c6c

This year unfortunately Reddit didn't organized any kind of Superbowl Reddit Collectible avatars related event but this time we have another protagonist, Polymarket.

Polymarket is making Polygon once again the center of the action in this Super Bowl LIX with $14 million in active positions across 478 Super Bowl related markets.

https://preview.redd.it/8f4j0vcze9ie1.png?width=1134&format=png&auto=webp&s=8d8ea4f64ae9bf83243e247b50eab8bb720ee9d0

Polymarket is having +$414M in betting volume as you can see in the image below.

https://preview.redd.it/0ezm6db0f9ie1.png?width=2866&format=png&auto=webp&s=a7ed80ca307de721aead71c5cc9a0fadedeb4a61

Polygon continues to cement its presence at the NFL Super Bowl, and this time, it‚Äôs through **Polymarket**, the popular decentralized prediction market.

https://preview.redd.it/ufc4f8yoa9ie1.png?width=1329&format=png&auto=webp&s=ac766257a4ac5282666da10bacf6056bb6815594

Polymarket is really gamblers paradise xD

With all of this I just want to show that Polygon has probably one of the most used real use of cases even if it is a casino and its bringing a lot of money and people to Polygon ecosystem building a unstoppable ecosystem that pushes adoption in crypto. And this is just the beginning because one AggLayer starts being operative it will be easier than ever to move money between layers to participate on fun dApps like Polymarket. Polygon is about to wake up.

Source:

* Tweet: [https://x.com/p\_petertherock/status/1888697925423055196](https://x.com/p_petertherock/status/1888697925423055196)
* Dune: [https://dune.com/petertherock/polymarket-on-polygon](https://dune.com/petertherock/polymarket-on-polygon)
* Dune 2: [https://dune.com/embeds/4695017/7808094](https://dune.com/embeds/4695017/7808094)",7,5,https://www.reddit.com/r/CryptoCurrency/comments/1im08kx/polygon_the_super_bowl_from_reddit_avatars_to/
2025-02-09 06:43:49,"Kanye West, after disclosing he was offered $2 million to launch a token, asks to speak with Coinbase CEO 'concerning crypto'",,586,90,https://www.theblock.co/post/339631/kanye-offered-2-million-launch-token-coinbase-founder-concerning-crypto
2025-02-10 00:01:15,"Daily Crypto Discussion - February 10, 2025 (GMT+0)","**Welcome to the Daily Crypto Discussion thread. Please read the disclaimer and rules before participating.**
 
***
&nbsp;
    
###Disclaimer:

Consider all information posted here with several liberal heaps of salt, and always cross check any information you may read on this thread with known sources. Any trade information posted in this open thread may be highly misleading, and could be an attempt to manipulate new readers by known ""pump and dump (PnD) groups"" for their own profit. BEWARE of such practices and exercise utmost caution before acting on any trade tip mentioned here. 


**Please be careful about what information you share and the actions you take.** Do not share the amounts of your portfolios (why not just share percentage?). Do not share your private keys or wallet seed. Use strong, non-SMS 2FA if possible. Beware of scammers and be smart. Do not invest more than you can afford to lose, and do not fall for pyramid schemes, promises of unrealistic returns (get-rich-quick schemes), and other common scams.
    
***
&nbsp;
    
###Rules:

  - All [sub rules](https://www.reddit.com/r/CryptoCurrency/about/rules/) apply in this thread. The prior exemption for karma and age requirements is no longer in effect. 
  - Discussion topics must be related to cryptocurrency.
  - Behave with civility and politeness. Do not use offensive, racist or homophobic language.
  - Comments will be sorted by newest first.
  
***
&nbsp;

###Useful Links:

  - [**Beginner Resources**](https://www.reddit.com/r/CryptoCurrency/wiki/beginner_resources)

  - [**Intro to r/Cryptocurrency MOONs üåî**](https://www.reddit.com/r/CryptoCurrency/comments/gj96lb/introducing_rcryptocurrency_moons/)

  - [**MOONs Wiki Page**](https://www.reddit.com/r/CryptoCurrency/wiki/moons_wiki/)

  - [**r/CryptoCurrency Discord**](https://www.reddit.com/r/CryptoCurrency/comments/kth255/join_the_crypto_currency_discord/)

  - [**r/CryptoCurrencyMemes**](https://www.reddit.com/r/cryptocurrencymemes)

  - [**Prior Daily Discussions**](https://www.reddit.com/r/CryptoCurrency/search?q=title%3A%22Daily+Crypto+Discussion+-+%22+&restrict_sr=on&sort=new&t=all) - (Link fixed.)

  - [**r/CryptoCurrencyMeta**](https://www.reddit.com/r/CryptoCurrencyMeta/) - Join in on all meta discussions regarding r/CryptoCurrency whether it be moon distributions or governance.

***
&nbsp;

### Finding Other Discussion Threads

Follow a mod account below to be notified in your home feed when the latest r/CC discussion thread of your interest is posted.

* u/CryptoDaily- ‚Äî Posts the Daily Crypto Discussion threads. 

* u/CryptoSkeptics ‚Äî Posts the Monthly Skeptics Discussion threads.
 
* u/CryptoOptimists- ‚Äî Posts the Monthly Optimists Discussion threads.

* u/CryptoNewsUpdates ‚Äî Posts the Monthly News Summary threads.",21,891,https://www.reddit.com/r/CryptoCurrency/comments/1ilt27n/daily_crypto_discussion_february_10_2025_gmt0/
2025-02-11 04:27:13,Is B3 (Base) the next big gaming token? DYOR & drop your thoughts!,"https://preview.redd.it/d8ebxx5fsfie1.png?width=1502&format=png&auto=webp&s=cfa17ce3ad233d730be4062fc2a8ebc9db1572bc

B3 just launched today.  
  
üí∞ **Current Price**: $0.0065 (-7.91% from ATH)  
üìä **24H Volume**: $89.9M  
üîπ **Fully Diluted Market Cap**: $644.7M  
  
B3 is a gaming ecosystem built on Base. The gaming ecosystem operates as a Layer 3 settlement layer on Base, in order to leverage the lower gas fees and higher throughput. The platform focuses on an open gaming ecosystem that streamlines interactions between developers and players by removing the need for wallets, bridges, or multiple tokens using chain abstraction technology. The B3 token can be used for governance, in-game transactions and access to in-game features.



",0,10,https://www.reddit.com/r/CryptoCurrency/comments/1imqcm9/is_b3_base_the_next_big_gaming_token_dyor_drop/
2025-02-11 10:38:14,Why Everything Positive You've Heard About Crypto Is a Trick,"
When you ask a crypto holder what they actually own in the amount shown in their wallet, they will likely say something like ""an asset"" or ""a store of value."" But that‚Äôs not true. The fact is, they own nothing. They hold a number but own nothing.

To understand why, let‚Äôs first clarify what it actually means to own an asset or a store of value.

Imagine you are holding 500 units of wheat. In this case, you don‚Äôt just hold a number; you own an asset. Why? Because wheat has the potential to fulfill people‚Äôs nutritional needs. It can provide direct benefits to people. Wheat itself stores the potential to provide that benefit. It stores value because it holds that potential. The number ""500"" is merely a way to express the amount of that stored potential. The bigger the number, the greater the potential.

Now, let‚Äôs take another example. Suppose you hold 500 dollars. This, too, is an asset. Why? Because the dollar has the potential to fulfill people's need to pay debt. Every dollar in existence enters circulation as a loan, either through a commercial bank lending money to individuals or businesses or through a central bank purchasing government bonds. These obligations create a real, tangible need for dollars. Individuals and businesses need them, and the U.S. government needs them.

Just as biology creates the need for food, the banking system creates the need for dollars through loan contracts, collateral, and government bonds. Debtors must acquire dollars to settle the obligations they signed. In this way, dollars store the potential to satisfy that need. The dollar itself stores value because it holds the potential to provide what is needed by the debtors in the U.S. banking system. If you hold 500 dollars, you own a specific amount of that potential to benefit debtors. The number '500' is simply a measure of this potential. The greater the number, the greater the potential.

The same principle applies to digital goods. If you hold a collection of music files, e-books, or software, you own assets because these things hold the potential to entertain, inform, or assist with tasks like writing or data analysis. They store value because they hold the potential to provide benefits to people. The more units of these digital goods you hold, the more benefits you can provide.

In the above examples, we saw what it actually means to own an asset or a store of value: it means holding something with the potential to satisfy people's needs and provide a direct benefit.

Now, let‚Äôs compare this to crypto. Crypto systems don‚Äôt have warehouses where they store wheat or any tangible goods. They don‚Äôt produce music, e-books, or software. They don‚Äôt issue loans, take collateral, or deal with government bonds.

What crypto systems do is assign numbers to addresses and record those assignments in a decentralized digital ledger. That‚Äôs literally it. This means that when you hold a number in your wallet, you don‚Äôt own the potential to satisfy people's needs or provide any benefit to them. All you do is hold a number.

If you hold the number 1, your potential to provide benefits to people is zero. If someone else holds the number 1,000,000, their potential is not a million times greater than yours; it is still zero. Both of you own zero potential to provide benefits to people. That‚Äôs why, by holding crypto, you don't own an asset or a store of value. And you certainly don't own money or currency, since those actually store value. Simply put, you hold a number but own nothing.

Crypto holders, recognizing they own nothing, resort to spreading false or misleading narratives in a desperate bid to offload their numbers and acquire assets. One such false narrative is about scarcity. For instance, they point to Bitcoin‚Äôs 21 million cap and call it scarcity. But scarcity applies to things that satisfy needs or provide benefits. If you limit the amount of wheat or dollars in circulation, their ability to fulfill people's needs remains. But in crypto, there is nothing that can satisfy people's needs; there's nothing to be scarce, just numbers on a ledger. Therefore, the 21 million cap is not scarcity; it is merely a mathematical rule limiting the sum of numbers assigned to addresses.

An example of a misleading narrative is the supposed simplicity and speed of crypto. This is often touted as one of its appealing qualities, but the reality is that crypto is fast and easy precisely because it doesn't manage any assets. Managing assets is inherently complex.

Take wheat, for example: it requires warehouses, packaging, transportation, harvesting, quality control, and distribution networks to ensure its usability. Dollars, too, involve a complex web of processes, from assessing creditworthiness to drafting loan contracts, securing collateral, regulating banks, and enforcing debt repayment. All of these processes exist because managing something that actually provides benefits to people is far from simple or easy.

In contrast, crypto systems only track which number is assigned to which address. And tracking numbers? That‚Äôs straightforward and easy.

Another false narrative is that value is belief-based, that something is valuable if people believe in it, and if they don't, it's not valuable. But belief cannot change the potential of something to satisfy people‚Äôs needs. Wheat still has the potential to provide nutrition, and dollars still have the potential to settle debts to banks, regardless of what anyone believes. That stored potential is value. The claim that value is based on belief is just another trick crypto holders use to mislead people into giving up assets in exchange for numbers.

No matter how many narratives crypto advocates spin, the fundamental fact remains: they hold numbers but own nothing. Everything positive you‚Äôve ever heard about crypto is just a trick to get ownership of your valuable assets and dump numbers on you.",0,28,https://www.reddit.com/r/CryptoCurrency/comments/1imvpx5/why_everything_positive_youve_heard_about_crypto/
2025-02-09 16:22:27,Ethereum Raises Gas Limit for First Time Since Proof-of-Stake to Scale Transaction Capacity,,67,13,https://news.bitcoinprotocol.org/ethereum-raises-gas-limit-for-first-time-since-proof-of-stake-to-scale-transaction-capacity/
2025-02-09 16:52:31,The University of Austin Announces $5 Million Bitcoin Endowment,,61,10,https://www.uaustin.org/bitcoin
2025-02-09 17:56:12,Early Crypto Traders Had Speedy Profit on Trump Coin as Others Suffered Losses (Gift Article),,47,56,https://www.nytimes.com/2025/02/09/us/politics/trump-crypto-memecoin.html?unlocked_article_code=1.vk4.261r.z4j9xOYm1zoj&smid=url-share
2025-02-10 14:51:03,Russian Authorities Block Access to Country‚Äôs Largest Crypto Aggregator Platform,,0,7,https://coinstats.app/news/60baea42fedc572f548eeb4ec1c397edada16c5877f3e96800dbe25d9c1292bc_Russian-Authorities-Block-Access-to-Country%E2%80%99s-Largest-Crypto-Aggregator-Platform/
2025-02-11 06:11:31,I regret not buying Solana in 2020,"I‚Äôm currently fixated on the fact that I didn‚Äôt invest in Solana in 2020 when it first released. I had $20,000 to my name at the time. I could‚Äôve put $10,000 into Solana and made $2,000,000+. I hate that I‚Äôm getting into crypto now. I should have a long time ago. I no longer have that kind of money. I hate having to go to school and get a 9-5. I‚Äôm dealing with mental illness so everything is difficult.

I‚Äôm currently unemployed, depressed and hopeless. Living with my mom at 28. I don‚Äôt mean to sound like this, I just I‚Äôm really struggling to accept the fact that it never happened. And it may never happen in my life. 

I currently fantasize of what I would do with all the money. How my quality of life would be 10x better than what it is today. If only I would‚Äôve know. And yet, I don‚Äôt know a single person who invested in Solana that early and is a multimillionaire. It‚Äôs a terrible intrusive thought that won‚Äôt leave me. 

But can someone please help me get over this thought and move forward with my life? It really is impacting so negatively. How do I get over this obsessive thought? It‚Äôs really ruining my quality of life 24/7. ",0,43,https://www.reddit.com/r/CryptoCurrency/comments/1ims3p6/i_regret_not_buying_solana_in_2020/
2025-02-09 20:15:18,Nigeria Embraces Blockchain: SEC Director General Sees Huge Potential for Capital Market Regulation,,27,6,https://news.bitcoin.com/nigeria-embraces-blockchain-sec-director-general-sees-huge-potential-for-capital-market-regulation/
2025-02-09 13:18:40,Austin University to launch $5M Bitcoin fund with 5-year HODL strategy: Report,,98,11,https://cointelegraph.com/news/austin-university-launch-5-m-bitcoin-fund-5-year-hodl-strategy-report
2025-02-09 16:21:25,"Data: El Salvador's Bitcoin holdings reached 6,072.18 coins, with an increase of 17 coins in the past 7 days - ChainCatcher",,53,7,https://www.chaincatcher.com/en/article/2166576
2025-02-10 17:14:32,This is an entertaining read. Ignorance hiding behind rhetoric all the way down the comments,,0,21,/r/explainlikeimfive/comments/1im9q3o/eli5_i_dont_understand_what_determines_the_value/
2025-02-10 21:52:22,Is the Central African Republic (CAR) Memecoin a Scam?,,0,12,https://coinchapter.com/is-the-central-african-republic-car-memecoin-a-scam/
2025-02-09 16:49:37,"Tether CEO ""All people alive ... will move to new QUANTUM-RESISTANT addresses‚Äù","He's correct- the transition has to happen.    
  
But apparently he doesn't see an issue with 20-25% of supply (lost wallets) being taken by quantum computing.  

That's quite the rosy take on it.  I'd imagine smart money would exit ahead of this for 3 reasons.    
  
Potential panic as wallets ""wake up"" at an alarming rate.    
Potential panic at what the price impact could be.    
Potential panic of people worrying others will panic.

  
I actually think there is a much better approach - that I've written about before.    
  
I was told it was a bad idea.  My guess is people either didn't get it, or didn't like the idea that quantum computing requires solutions, starting now to properly be ready without disruption.

This certainly is not a narrative, it isn't FUD.    
  
The biggest players in the world recognize it- and that includes the CEO of Tether.

Let's stop trying to spin it, ignore it, or assume it will be managed.  The time to deal with it is now.

[https://x.com/paoloardoino/status/1888259298641191049](https://x.com/paoloardoino/status/1888259298641191049)

  
[https://news.bitcoin.com/tether-ceo-predicts-lost-bitcoin-wallets-vulnerable-in-quantum-future-satoshis-stash-at-risk/](https://news.bitcoin.com/tether-ceo-predicts-lost-bitcoin-wallets-vulnerable-in-quantum-future-satoshis-stash-at-risk/)",37,117,https://www.reddit.com/r/CryptoCurrency/comments/1ilj1kc/tether_ceo_all_people_alive_will_move_to_new/
2025-02-09 20:29:06,Privacy-focused layer 2s will transform Ethereum's enterprise future,,18,21,https://cryptoslate.com/privacy-focused-layer-2s-will-transform-ethereums-enterprise-future/
2025-02-08 19:38:00,The Eternal Altseason is Always One Dip Away.,,1657,193,https://i.redd.it/trkj2m24xyhe1.jpeg
2025-02-10 10:55:12,I have a question about microstrategy and executive order 6102,"Hey,

I've been doing some research on the history of money and how money works and all that fun stuff, and I just had this question like a few minutes ago in my head that I want an answer for, but before my question I just want to link this from the wikipedia:

**""Executive Order 6102 required all persons to deliver on or before May 1, 1933, all but a small amount of gold coin, gold bullion, and gold certificates owned by them to the Federal Reserve in exchange for $20.67 (equivalent to $487 in 2023) per troy ounce.""**

What if, US government sees it as a threat that all money is flowing into bitcoin and notices, that all countries have been adapting bitcoin into their reserves and feels like they are falling behind? Can't they make another executive order for let's say Microstrategy, that either all their shares, or all their bitcoin has to be forfeited to the US government, either for free, or for some fee such as the current market price.

I understand that this is not an issue for bitcoiners with small holdings, especially the ones who have kept their mouths shut, but for businesses and larger corporations that have to report their BTC holdings, what prevents another executive order from forcing companies like MSTR to forfeit all the bitcoin to the US government?

I'm not the best at explaining and asking stuff, but I hope you guys understand where I'm going with this, like don't people like michael saylor or companies such as MSTR with bitcoin reserves have some risk involved in owning bitcoin, since they still have to answer and do as the government tells them to at the very end? I'm a firm believer of self-custody and I had this question for the people that own MSTR stock, like ""what if? not your keys not your coins, right?""

EDIT: This post got auto-removed by BTC subreddit, so I'm posting it here. ",0,21,https://www.reddit.com/r/CryptoCurrency/comments/1im3h69/i_have_a_question_about_microstrategy_and/
2025-02-09 13:37:41,I made an Open source tool to help you backtest your trading or investment strategy,"Backtesting a strategy means applying it to a historical dataset and seeing how it would have performed on past data. The results should then determine if this is a potentially viable strategy to start live trading/investing with, or whether it needs some more fine-tuning.

The problem with backtesting strategies is that it usually requires you to pretty much re-write your backtesting algorithm because each strategy needs to be configured to act in a specific way. To get around this issue, I made a simple tool that allows you to easily create plug-and-play strategies and slot them into the Backtester.

The tool is written in Python and uses the Backtester py library to handle backtesting and reporting. Because it's modular it's very easy to code a strategy and test it. For instance, here's how you'd go about coding a Buy The Dip strategy:

    class BuyTheDip(Strategy):
        def init(self):
            pass
    
        def next(self):
            current_close = self.data.Close[-1]  # Current candle's close
            previous_close = self.data.Close[-2]  # Previous candle's close
            price_difference = (current_close - previous_close) / previous_close * 100
    
            if price_difference <= -5:
                self.buy(
                    size=0.1, sl=stop_loss * current_close, tp=take_profit * current_close
                )
                print(
                    f""Bought at {current_close}, which is a {price_difference}% from previous close ({previous_close})""
                )
            else:
                print(f""Did not buy, price difference is only {price_difference}%"")

Here, we want to buy Bitcoin every time the price drops by more than 5% compared to the previous candle close.  
Running the strategy will output its performance like so:

https://preview.redd.it/itzhrks3o3ie1.png?width=696&format=png&auto=webp&s=191567e62b2d5271c929805c05141aed28e944e6

Buy and Hold Return%, Return %, Win Rate and Profit Factor are metrics you need to look out for. 

* Buy and Hold return tells us whether it's more advantageous to simply buy and hold rather than trade over that specific period
* Return % is the amount of profit made trading
* Win Rate is a percentage showing how many of our trades are profitable. As you can see buying dips and selling them at a 5% take profit gives us a 90% profitability rate.
* Profit Factor represents the gross profit divided by the gross loss

The backtester will also plot the performance, showing you the entry and exit positions on a candlestick chart.

https://preview.redd.it/hjvf15c1o3ie1.png?width=3771&format=png&auto=webp&s=ff61f16011326f21560cb4bcc4e59f4e89d5aed1

In my example, I used CoinGecko API to fetch historical data, but you may use any data source you wish, as long as you feed it candlestick data.

  
For those interested in trying out the tool, here's the link to the GitHub repo:

[https://github.com/CyberPunkMetalHead/python-backtesting-bot](https://github.com/CyberPunkMetalHead/python-backtesting-bot)",38,6,https://www.reddit.com/r/CryptoCurrency/comments/1ilevbj/i_made_an_open_source_tool_to_help_you_backtest/
2025-02-08 18:23:08,Bitcoin (BTC) Holders VS Ethereum (ETH) Holders,,1299,111,https://i.redd.it/mo0jpk4njyhe1.png
